CBOE data is compiled for the convenience of site visitors and is furnished without responsibility for accuracy and is accepted by the site visitor on the condition that transmission or omissions shall not be made the basis for any claim demand or cause for action.  Your use of CBOE data is subject to the Terms and Conditions of CBOE's Websites.,,,,
CBOE S&P 500 3-Month Volatility Index (VXV),,,,
,OPEN,HIGH,LOW,CLOSE
12/4/2007,24.8,25.01,24.15,24.65
12/5/2007,23.82,23.84,22.91,23.33
12/6/2007,23.43,23.49,20.34,22.1
12/7/2007,21.92,22.32,21.67,22.18
12/10/2007,22.24,22.45,21.7,21.93
12/11/2007,21.93,24.2,21.31,24.12
12/12/2007,22.07,24.39,21.87,23.29
12/13/2007,23.99,24.49,23.41,23.52
12/14/2007,24.35,24.35,23.45,24.21
12/17/2007,24.66,25.73,24.59,25.53
12/18/2007,24.89,25.8,24.44,24.67
12/19/2007,24.67,24.69,23.6,23.81
12/20/2007,23.19,23.97,22.87,22.87
12/21/2007,22.21,22.29,21.47,21.5
12/24/2007,21.37,21.57,21.07,21.14
12/26/2007,21.41,21.43,20.9,20.93
12/27/2007,21.2,22.22,21.2,22.05
12/28/2007,21.63,22.71,21.52,22.56
12/31/2007,22.84,23.41,22.79,23.31
1/2/2008,23.1,24.1,23.04,23.6
1/3/2008,23.47,23.57,22.71,22.81
1/4/2008,23.36,23.88,23.32,23.69
1/7/2008,23.57,23.89,23.02,23.22
1/8/2008,23.86,25.63,23.45,25.49
1/9/2008,25.51,25.7,24.15,24.5
1/10/2008,24.85,24.9,23.46,23.95
1/11/2008,24.33,24.9,23.97,24.5
1/14/2008,24.25,24.44,23.59,23.67
1/15/2008,24.49,24.87,24.04,24.39
1/16/2008,24.7,24.7,23.62,24.36
1/17/2008,24.23,26.52,24.11,26.44
1/18/2008,26.04,27.07,24.55,25.99
1/22/2008,30.22,30.29,26.22,27.39
1/23/2008,28.95,29.23,22.45,26.25
1/24/2008,25.89,26.41,25.5,26
1/25/2008,25.23,27.2,24.95,26.86
1/28/2008,26.9,27.27,25.83,25.97
1/29/2008,25.34,25.94,25.33,25.65
1/30/2008,25.74,26.18,24.22,26.08
1/31/2008,26.72,26.83,24.61,25.21
2/1/2008,24.94,25.09,24.1,24.11
2/4/2008,24.44,25.38,24.34,25.36
2/5/2008,26.06,27.19,26,26.99
2/6/2008,26.63,27.8,26.24,27.61
2/7/2008,27.89,28.07,26.23,26.74
2/8/2008,26.97,27.87,26.45,27.06
2/11/2008,27.34,27.73,26.47,26.67
2/12/2008,25.66,26.45,25.39,26.11
2/13/2008,25.64,25.92,25.01,25.29
2/14/2008,25.11,25.86,24.99,25.47
2/15/2008,25.63,25.91,25.16,25.44
2/19/2008,25.14,25.64,22.13,25.47
2/20/2008,26.1,26.24,24.59,24.67
2/21/2008,24.79,25.31,24.1,25.09
2/22/2008,25.04,25.66,24.38,24.4
2/25/2008,24.7,24.9,23.66,23.93
2/26/2008,24.03,24.05,22.74,23.11
2/27/2008,23.46,23.74,22.9,23.69
2/28/2008,24.04,24.31,23.63,24.29
2/29/2008,24.76,26.58,24.72,26.39
3/3/2008,27.01,27.27,26.07,26.08
3/4/2008,26.61,26.91,25.71,25.76
3/5/2008,25.65,25.97,24.49,24.91
3/6/2008,25.24,27.28,25.23,27
3/7/2008,27.56,28.1,26.25,27.11
3/10/2008,27.44,29.11,26.8,28.33
3/11/2008,26.41,27.6,26.09,26.09
3/12/2008,26.17,27.38,25.49,27.37
3/13/2008,28.26,29.11,26.19,27.18
3/14/2008,27.11,30.26,26.15,29.36
3/17/2008,31.22,31.65,28.67,29.58
3/18/2008,27.95,28.06,25.89,26.01
3/19/2008,25.88,28.87,25.45,28.78
3/20/2008,28.66,50.29,26.51,27.29
3/24/2008,26.97,26.98,25.38,25.96
3/25/2008,26.11,26.51,25.74,26.18
3/26/2008,26.38,26.85,26.08,26.61
3/27/2008,26.13,26.54,25.7,26.28
3/28/2008,26.18,26.35,25.67,26.24
3/31/2008,26.58,26.62,25.49,25.64
4/1/2008,24.89,24.89,23.53,23.61
4/2/2008,23.59,24.45,23.38,24.3
4/3/2008,24.57,24.87,23.94,24.12
4/4/2008,24.01,24.27,23.09,23.52
4/7/2008,23.38,23.44,22.28,23.2
4/8/2008,23.46,23.67,23.07,23.07
4/9/2008,23.15,24.07,23.13,23.55
4/10/2008,23.73,23.86,22.85,23.06
4/11/2008,23.81,24.35,23.45,24.19
4/14/2008,24.63,24.74,24.28,24.41
4/15/2008,24.06,24.47,23.65,23.7
4/16/2008,22.98,23.03,21.8,21.82
4/17/2008,22.16,22.52,21.72,21.75
4/18/2008,21.13,21.37,20.84,21.37
4/21/2008,21.76,21.77,21.34,21.46
4/22/2008,21.67,22.29,21.55,21.8
4/23/2008,21.65,22,21.22,21.58
4/24/2008,21.43,21.83,20.48,21.18
4/25/2008,20.76,21.33,20.42,20.58
4/28/2008,20.68,20.81,20.16,20.41
4/29/2008,20.51,21.01,20.37,20.82
4/30/2008,20.75,21.26,20.3,21.25
5/1/2008,21.28,21.32,19.77,19.78
5/2/2008,19.3,20.07,19.3,19.53
5/5/2008,19.7,20.22,19.4,20.02
5/6/2008,20.36,20.59,19.68,19.75
5/7/2008,19.92,21.13,19.88,20.96
5/8/2008,20.79,21.09,20.49,20.88
5/9/2008,21.2,21.22,20.77,20.87
5/12/2008,21.07,21.26,19.97,20.24
5/13/2008,20.11,20.54,20.03,20.15
5/14/2008,20.03,20.05,19.31,20
5/15/2008,20.02,20.09,19.28,19.28
5/16/2008,19.23,20.22,19.23,19.57
5/19/2008,19.97,20.12,19.11,19.84
5/20/2008,20.28,21.24,20.28,20.81
5/21/2008,20.93,22.16,20.71,22.11
5/22/2008,22.2,22.2,21.39,21.52
5/23/2008,21.74,22.73,21.7,22.51
5/27/2008,22.94,23.29,21.99,22.16
5/28/2008,22.06,22.41,21.47,21.66
5/29/2008,21.79,21.79,20.54,20.8
5/30/2008,20.9,20.9,20.31,20.53
6/2/2008,21.03,22.26,21.03,21.72
6/3/2008,21.64,22.58,20.8,22.11
6/4/2008,22.31,22.84,21.64,22.59
6/5/2008,22.44,22.45,20.67,21.08
6/6/2008,21.69,24.44,21.68,24.2
6/9/2008,23.64,24.55,19.72,23.85
6/10/2008,24.6,24.68,23.1,23.84
6/11/2008,23.93,24.51,23.6,24.32
6/12/2008,24.07,24.27,21.68,23.7
6/13/2008,23.66,23.86,22.46,22.6
6/16/2008,23.18,23.39,22.11,22.43
6/17/2008,22.01,22.68,21.7,22.48
6/18/2008,22.96,23.98,22.55,23.55
6/19/2008,23.57,24.18,22.11,22.84
6/20/2008,23.21,24.34,22.78,23.57
6/23/2008,23.51,23.73,23.23,23.3
6/24/2008,23.42,24.07,22.75,23.21
6/25/2008,22.91,22.99,21.71,22.32
6/26/2008,22.92,24.33,22.88,24.31
6/27/2008,24.03,24.47,23.81,23.93
6/30/2008,24.06,24.14,23.36,23.77
7/1/2008,24.42,24.83,23.67,23.67
7/2/2008,23.43,25.06,23.12,25.02
7/3/2008,24.41,25.22,24.04,24.42
7/7/2008,24.58,25.32,24,24.75
7/8/2008,24.67,24.87,23.01,23.06
7/9/2008,22.85,24.45,22.78,24.36
7/10/2008,24.4,25.08,22.25,24.39
7/11/2008,25.09,26.57,24.78,25.52
7/14/2008,25,26.18,24.99,25.88
7/15/2008,26.24,27.06,25.33,25.97
7/16/2008,26.22,26.42,24.41,24.56
7/17/2008,24.12,24.55,23.73,24.37
7/18/2008,23.93,24.25,23.77,23.8
7/21/2008,23.75,23.79,20.97,23.18
7/22/2008,23.85,23.89,21.97,22.06
7/23/2008,21.97,22.61,21.62,22.2
7/24/2008,22.27,23.84,22.27,23.76
7/25/2008,23.49,23.65,22.99,23.29
7/28/2008,23.61,24.16,18.08,23.99
7/29/2008,23.86,23.86,22.2,22.22
7/30/2008,21.92,22.24,21.26,21.44
7/31/2008,22.01,22.67,21.56,22.67
8/1/2008,22.48,23.14,22.48,22.75
8/4/2008,23.03,23.25,22.74,23.09
8/5/2008,22.74,22.75,21.46,21.5
8/6/2008,21.76,21.84,20.79,21.18
8/7/2008,21.64,22,19.53,21.86
8/8/2008,22.07,22.17,21.14,21.65
8/11/2008,21.9,21.94,21.17,21.44
8/12/2008,21.67,22.42,21.65,22.2
8/13/2008,22.43,22.77,22.14,22.54
8/14/2008,22.92,22.93,21.42,21.66
8/15/2008,21.55,21.81,21.35,21.38
8/18/2008,21.55,22.41,21.51,22.11
8/19/2008,22.46,22.81,19.54,22.42
8/20/2008,22.91,23.09,22.44,22.46
8/21/2008,22.83,22.83,21.84,22.08
8/22/2008,21.81,21.81,21.35,21.48
8/25/2008,22.12,23.01,22.09,22.81
8/26/2008,22.89,23,22.46,22.52
8/27/2008,22.57,22.6,21.81,21.94
8/28/2008,21.74,21.85,21.49,21.54
8/29/2008,21.75,22.57,21.69,22.52
9/2/2008,22.51,23.31,22.09,23.11
9/3/2008,23.23,23.42,22.8,22.8
9/4/2008,23.19,24.49,23.13,24.35
9/5/2008,24.88,24.93,23.67,23.73
9/8/2008,22.88,24.23,22.75,23.15
9/9/2008,23.18,25.29,23.13,25.15
9/10/2008,25,25.12,24.03,24.54
9/11/2008,25.17,25.76,24.2,24.36
9/12/2008,24.81,25.76,24.65,25.02
9/15/2008,28.24,28.3,25.64,27.93
9/16/2008,29.23,32.01,22.56,26.88
9/17/2008,27.96,30.52,27.91,30.24
9/18/2008,29.99,34.51,28.25,28.58
9/19/2008,25.64,28.46,25.47,28.04
9/22/2008,27.65,29.96,25.6,29.73
9/23/2008,29.82,31.44,29.3,31.26
9/24/2008,31,31.43,30.15,30.56
9/25/2008,30.49,30.57,28.8,29.1
9/26/2008,30.26,30.94,29.6,29.74
9/29/2008,30.76,37.14,30.76,36.27
9/30/2008,34.99,35.01,32.66,33.03
10/1/2008,33.68,34.97,33.31,33.44
10/2/2008,34.32,37.29,34.29,36.49
10/3/2008,35.68,37.42,34.67,37.3
10/6/2008,39.17,42.16,38.38,39.13
10/7/2008,37.66,40.82,36.98,40.55
10/8/2008,42.37,42.94,39.6,42.22
10/9/2008,42.6,49.24,41.56,48.01
10/10/2008,49.61,54.09,39.55,50.91
10/13/2008,49.22,49.22,42.13,42.38
10/14/2008,40.74,45.59,40.61,42.99
10/15/2008,44.36,49.74,41.95,49.45
10/16/2008,48.53,53.34,48.23,48.74
10/17/2008,50.38,51.8,46.95,51.13
10/20/2008,48.73,48.93,43.59,43.62
10/21/2008,45.03,45.33,42.75,43.79
10/22/2008,45.97,51.26,45.89,49.83
10/23/2008,49.86,53.66,47.99,49.76
10/24/2008,55.87,56.27,52.74,55.3
10/27/2008,62.07,62.88,52.74,62.84
10/28/2008,58.81,61.88,51.9,54.38
10/29/2008,56.04,58.62,53.61,57.82
10/30/2008,54.35,57.35,53.59,53.75
10/31/2008,55.26,55.66,51.73,53.57
11/3/2008,54.48,54.76,41.9,51.2
11/4/2008,48.6,48.89,43.88,46.26
11/5/2008,46.85,50.48,45.58,49.72
11/6/2008,50.98,56.69,50.29,56.14
11/7/2008,56.12,56.19,52.6,52.61
11/10/2008,50.77,55.4,50.61,54.05
11/11/2008,55.48,57.17,53.59,55.63
11/12/2008,57.12,59.47,56.31,59.1
11/13/2008,58.67,61.87,53.51,54.1
11/14/2008,55.95,59.29,54.39,59.29
11/17/2008,60.1,62.74,59.13,62.51
11/18/2008,63.18,65.35,60.33,61.39
11/19/2008,61.29,67.09,60.83,66.49
11/20/2008,67.39,69.87,57.7,69.24
11/21/2008,67.9,68.24,56.18,64.35
11/24/2008,62.66,63.39,58.13,59.5
11/25/2008,56.73,59.68,38.72,57.99
11/26/2008,58.58,58.62,53.63,53.73
11/28/2008,54.02,54.92,48.8,54.18
12/1/2008,56.14,62.46,56.14,62.39
12/2/2008,61.24,62.08,59.57,59.65
12/3/2008,61.11,61.37,58.16,58.5
12/4/2008,59.45,62.07,58.43,61.29
12/5/2008,62.53,63.64,54.17,58.06
12/8/2008,57.4,57.82,56.01,56.6
12/9/2008,57.42,58.25,55.47,57.77
12/10/2008,56.52,57.68,55.89,56.16
12/11/2008,55.95,56.6,54.18,56.09
12/12/2008,58.04,58.22,55.09,55.14
12/15/2008,55.58,58.19,55.52,56.41
12/16/2008,56.18,56.18,52.58,52.91
12/17/2008,53.65,54.06,51.26,51.57
12/18/2008,47.75,50.89,46.76,49.8
12/19/2008,49.54,49.54,34.64,43.4
12/22/2008,43.58,46.29,18.17,43.71
12/23/2008,43.46,44.67,42.74,44.48
12/24/2008,43.93,43.93,43.93,43.93
12/26/2008,44.41,46.3,43.73,46.11
12/29/2008,47.09,49.04,44.8,46.54
12/30/2008,44.59,46.81,44.4,44.41
12/31/2008,44.83,44.83,39.54,43.18
1/2/2009,39.68,42.71,38.03,40.56
1/5/2009,40.71,41.82,40.32,40.82
1/6/2009,39.4,40.98,38.8,40.31
1/7/2009,41.24,44.05,41.14,43.81
1/8/2009,43.98,44.18,43.13,43.17
1/9/2009,43.58,45.1,43.26,44.88
1/12/2009,45.13,47.88,44.83,47.35
1/13/2009,47.76,48,46.54,47.14
1/14/2009,48.72,52.84,48.62,50.68
1/15/2009,50.97,54.6,50.9,51.71
1/16/2009,49.76,51.45,48.71,48.95
1/20/2009,50.57,55.49,50.54,54.87
1/21/2009,53.55,54.49,49.84,49.96
1/22/2009,52.14,52.86,49.28,50.13
1/23/2009,51.98,52,49.25,49.36
1/26/2009,48.75,48.79,46.18,47.47
1/27/2009,47.17,47.3,45.01,45.18
1/28/2009,42.12,46.07,38.65,42.2
1/29/2009,42.51,43.61,42.32,43.53
1/30/2009,43.06,44.85,42.93,44.6
2/2/2009,46.33,46.69,43.9,43.91
2/3/2009,43.34,43.43,41.95,42.24
2/4/2009,41.54,42.41,40.54,42.13
2/5/2009,42.74,43.81,41.55,42.6
2/6/2009,41.77,43.55,39.64,43.38
2/9/2009,42.45,43.58,41.72,43.43
2/10/2009,44.06,46.72,43.75,46.06
2/11/2009,46.34,46.34,44.98,45.07
2/12/2009,44.15,45.26,42.59,42.66
2/13/2009,42.73,42.73,41.88,42.47
2/17/2009,45.41,46.78,45.28,46
2/18/2009,45.22,47.09,45.19,46.97
2/19/2009,44.82,45.7,44.78,45.63
2/20/2009,47.18,48.44,35.89,47.03
2/23/2009,47.02,50.72,40.5,50.43
2/24/2009,49.61,49.74,44.22,45.11
2/25/2009,44.77,46.07,43.38,44.4
2/26/2009,43.63,44.59,42.39,44.18
2/27/2009,45.32,45.88,43.59,45.21
3/2/2009,47.03,49.55,46.22,48.67
3/3/2009,48.09,49.38,46.92,48.51
3/4/2009,45.83,46.11,43.13,44.72
3/5/2009,45.11,47.31,43.95,46.7
3/6/2009,46.4,48.12,44.83,46.48
3/9/2009,47.32,47.41,45.4,46.53
3/10/2009,45.23,45.23,42.15,42.41
3/11/2009,41.98,43.09,41.17,42.5
3/12/2009,42.37,42.84,40.39,40.7
3/13/2009,40.51,42.31,40.26,41.83
3/16/2009,41.85,42.54,40.9,42.24
3/17/2009,42.25,42.74,39.91,39.98
3/18/2009,40.47,41.86,39.37,39.9
3/19/2009,39.43,43.45,39.4,43.15
3/20/2009,42.95,46.83,42.91,46.28
3/23/2009,44.89,47.11,42.2,42.33
3/24/2009,42.8,43.77,42.46,43.64
3/25/2009,43.17,47.5,41.22,41.9
3/26/2009,41.37,41.93,40.49,40.68
3/27/2009,41.49,42.35,41.33,42.09
3/30/2009,43.9,45.51,43.9,44.99
3/31/2009,44.52,44.65,43.21,44.59
4/1/2009,45.17,45.34,43.03,43.03
4/2/2009,41.49,42.77,41.43,42.24
4/3/2009,42.08,42.08,41.03,41.07
4/6/2009,41.99,42.39,41.15,41.17
4/7/2009,41.81,42.34,41.53,41.67
4/8/2009,41.55,41.6,40.2,40.2
4/9/2009,39.12,39.59,38.5,38.53
4/13/2009,39.34,39.43,38.29,38.55
4/14/2009,38.97,39.24,38.01,38.69
4/15/2009,38.77,38.99,37.94,37.97
4/16/2009,37.77,38.26,36.95,36.96
4/17/2009,37.58,37.7,36.36,36.59
4/20/2009,37.26,39.7,37.22,39.41
4/21/2009,39.91,39.99,37.72,37.78
4/22/2009,38.31,38.57,36.88,38.5
4/23/2009,38.2,38.87,37.93,37.98
4/24/2009,37.7,38.23,37.39,37.81
4/27/2009,39.21,39.22,38.19,38.63
4/28/2009,39.27,39.49,37.99,38.4
4/29/2009,38.06,38.06,36.03,36.49
4/30/2009,35.94,37.21,35.4,36.73
5/1/2009,36.56,37.44,35.67,35.84
5/4/2009,36.05,36.11,34.57,34.8
5/5/2009,34.77,35.22,34.15,34.18
5/6/2009,34.01,34.23,33.29,33.36
5/7/2009,33.08,34.66,32.82,34.04
5/8/2009,33.29,33.37,32.16,32.82
5/11/2009,33.67,33.98,33.05,33.39
5/12/2009,33.07,33.83,32.55,32.77
5/13/2009,33.6,34.15,33.38,33.83
5/14/2009,33.95,33.97,32.13,32.25
5/15/2009,32.31,33.41,31.81,33.22
5/18/2009,32.89,32.9,31.07,31.23
5/19/2009,31.2,31.26,30.08,30.42
5/20/2009,29.75,30.79,28.74,30.74
5/21/2009,31.44,33.03,31.18,32.39
5/22/2009,32.3,33.14,31.74,33.04
5/26/2009,33.9,33.91,31.17,31.53
5/27/2009,31.64,32.58,30.73,32.47
5/28/2009,32.26,33.05,31.74,32.05
5/29/2009,31.84,32.04,30.4,30.43
6/1/2009,30.09,31.51,29.72,30.6
6/2/2009,30.65,30.72,29.67,30.58
6/3/2009,31.05,32.71,31.01,32.19
6/4/2009,31.66,32.24,31.44,31.58
6/5/2009,30.88,32.11,30.82,31.6
6/8/2009,32.36,32.96,27.99,31.77
6/9/2009,31.26,31.6,30.36,30.67
6/10/2009,30.25,31.7,30.1,30.61
6/11/2009,30.47,30.47,29.1,29.93
6/12/2009,30.02,30.17,29.28,29.5
6/15/2009,30.7,31.56,30.7,31.34
6/16/2009,31.07,32.85,30.91,32.79
6/17/2009,32.93,33.74,32.41,32.89
6/18/2009,32.15,32.32,31.23,31.51
6/19/2009,31.01,31.17,30.42,30.64
6/22/2009,31.63,33.09,30.64,33.01
6/23/2009,33.08,33.08,31.84,32.42
6/24/2009,32.03,32.08,30.59,31.07
6/25/2009,31.39,31.41,29.27,29.41
6/26/2009,29.38,29.68,28.84,29.28
6/29/2009,29.58,29.58,27.95,28.2
6/30/2009,28.03,29.44,27.8,28.76
7/1/2009,28.37,29.01,27.34,28.96
7/2/2009,29.61,30.65,28.12,30.53
7/6/2009,31.71,31.75,30.75,30.79
7/7/2009,30.74,32.32,30.6,32.09
7/8/2009,31.98,33.49,31.81,32.42
7/9/2009,31.52,31.82,31.1,31.67
7/10/2009,32.06,32.2,31.5,31.71
7/13/2009,31.74,32.2,29.88,30.1
7/14/2009,29.92,30.34,29.5,29.58
7/15/2009,28.81,29.11,28.47,29.11
7/16/2009,29.26,29.26,28.11,28.61
7/17/2009,28.6,28.7,28.04,28.65
7/20/2009,28.66,28.66,27.49,27.59
7/21/2009,27.43,28.25,27.35,27.44
7/22/2009,27.92,27.92,27.01,27.22
7/23/2009,27.1,27.1,26.28,26.96
7/24/2009,26.86,27.15,26.32,26.37
7/27/2009,26.77,27.48,26.37,26.99
7/28/2009,27.32,28.47,26.99,27.96
7/29/2009,28.26,29.05,28.21,28.42
7/30/2009,28.04,28.28,27.68,28.19
7/31/2009,28.18,28.47,27.66,28.4
8/3/2009,28.13,28.36,27.71,27.71
8/4/2009,27.99,28.12,27.1,27.22
8/5/2009,27.15,27.78,27.03,27.17
8/6/2009,27.08,28.25,27.03,27.98
8/7/2009,27.33,27.38,26.6,27.11
8/10/2009,27.43,27.52,27.06,27.06
8/11/2009,27.29,28.71,27.29,28.1
8/12/2009,28.35,28.35,27.47,27.74
8/13/2009,27.62,28.15,27.28,27.28
8/14/2009,27.39,28.42,27.06,27.11
8/17/2009,29.18,30.24,29.11,29.93
8/18/2009,29.76,29.76,28.84,28.9
8/19/2009,29.88,29.96,28.25,28.48
8/20/2009,28.71,28.71,27.84,28.29
8/21/2009,27.77,28.02,27.29,27.77
8/24/2009,27.91,28.29,27.36,28.16
8/25/2009,28.03,28.4,26.5,28.16
8/26/2009,28.34,28.99,27.91,28.36
8/27/2009,28.44,29.18,28.19,28.41
8/28/2009,27.98,28.9,27.94,28.5
8/31/2009,29.42,29.71,29.17,29.17
9/1/2009,29.62,30.94,28.94,30.88
9/2/2009,31.15,31.32,30.6,31.04
9/3/2009,30.84,31.04,28.84,29.6
9/4/2009,29.7,29.7,28.24,28.48
9/8/2009,28.29,28.57,28.21,28.21
9/9/2009,28.1,28.32,27.23,27.29
9/10/2009,27.46,27.63,26.12,26.51
9/11/2009,26.37,26.8,25.57,26.56
9/14/2009,27.25,27.25,26.36,26.41
9/15/2009,26.48,26.83,26,26.33
9/16/2009,25.92,26.33,25.68,25.87
9/17/2009,26.07,26.31,25.58,25.94
9/18/2009,25.91,26.66,25.91,26.54
9/21/2009,26.96,27.24,26.17,26.23
9/22/2009,25.97,26.21,25.65,25.69
9/23/2009,25.7,26.2,25.01,26.09
9/24/2009,26.1,27.42,25.99,27.13
9/25/2009,27.39,27.95,26.95,27.21
9/28/2009,27.31,27.45,26.24,26.27
9/29/2009,26.17,26.53,25.83,26.48
9/30/2009,26.27,27.33,26.07,26.66
10/1/2009,27,28.59,27,28.33
10/2/2009,29,29.18,28.35,28.8
10/5/2009,28.99,29.07,27.39,27.61
10/6/2009,27.19,27.19,26.25,26.73
10/7/2009,26.83,26.85,26.01,26.12
10/8/2009,25.77,26.07,25.52,25.74
10/9/2009,25.87,25.99,24.97,25.08
10/12/2009,25.15,25.37,24.95,25.17
10/13/2009,25.26,25.73,24.85,25.09
10/14/2009,24.32,24.81,24.32,24.58
10/15/2009,24.92,25.12,23.92,24.22
10/16/2009,24.6,25.1,24,24.4
10/19/2009,24.4,24.62,23.73,24.15
10/20/2009,23.99,24.28,23.72,23.72
10/21/2009,23.65,24.87,23.03,24.55
10/22/2009,24.57,24.82,23.26,23.35
10/23/2009,23.37,24.5,22.92,24.31
10/26/2009,24.77,25.73,23.76,25.37
10/27/2009,25.42,26.04,25.2,25.46
10/28/2009,25.7,27.43,19.54,27.42
10/29/2009,26.91,26.92,25.49,25.66
10/30/2009,25.88,29.45,25.72,29.07
11/2/2009,28.65,30.24,27.64,28.82
11/3/2009,29.27,29.65,28.69,28.87
11/4/2009,28.2,28.48,27.43,28.18
11/5/2009,27.69,27.78,26.55,26.61
11/6/2009,26.96,27.04,25.74,25.88
11/9/2009,25.5,25.54,24.41,24.41
11/10/2009,24.77,25.05,24.39,24.71
11/11/2009,24.39,25.25,24.11,24.97
11/12/2009,25.03,26.29,24.63,26.07
11/13/2009,25.93,26.15,25.32,25.6
11/16/2009,25.39,25.43,24.74,25.15
11/17/2009,25.28,25.46,24.99,25.04
11/18/2009,25.11,25.29,24.6,24.72
11/19/2009,25.25,26.06,25.06,25.11
11/20/2009,25.68,25.68,22.64,24.66
11/23/2009,24.63,24.63,23.59,24.11
11/24/2009,24.1,24.5,23.51,23.74
11/25/2009,23.53,23.7,23.3,23.66
11/27/2009,26.01,26.01,26.01,26.01
11/30/2009,26.27,26.7,25.91,26.24
12/1/2009,25.65,25.65,24.73,24.94
12/2/2009,24.93,24.99,24.38,24.8
12/3/2009,24.75,25.58,24.29,25.51
12/4/2009,24.76,25.49,24.08,24.76
12/7/2009,25.27,25.31,24.76,25.3
12/8/2009,25.9,26.16,25.5,26.13
12/9/2009,26.25,26.48,25.7,25.8
12/10/2009,25.49,25.5,25.16,25.34
12/11/2009,25.05,25.48,24.66,25.12
12/14/2009,25.21,25.21,24.51,24.56
12/15/2009,24.63,24.98,24.63,24.73
12/16/2009,24.38,24.4,23.77,24.25
12/17/2009,24.79,25.03,24.25,24.78
12/18/2009,24.27,24.98,24.1,24.52
12/21/2009,24.12,24.15,23.36,23.53
12/22/2009,23.38,23.53,17.39,22.76
12/23/2009,22.71,22.93,22.25,22.68
12/24/2009,22.6,22.6,22.3,22.43
12/28/2009,22.67,22.88,22.45,22.49
12/29/2009,22.28,22.68,22.17,22.63
12/30/2009,22.8,22.97,22.57,22.66
12/31/2009,22.65,24.02,22.6,23.89
1/4/2010,23.67,23.79,22.67,22.77
1/5/2010,22.9,23.03,22.35,22.39
1/6/2010,22.49,22.57,21.59,21.8
1/7/2010,22.09,22.12,21.32,21.6
1/8/2010,21.78,21.78,20.98,21
1/11/2010,20.95,21.53,20.95,21.27
1/12/2010,21.7,22.39,21.45,21.79
1/13/2010,21.73,22.4,21.02,21.29
1/14/2010,21.28,21.4,20.63,20.71
1/15/2010,20.82,22.08,20.82,21.48
1/19/2010,21.77,21.78,20.76,20.89
1/20/2010,21.53,22.29,21.34,21.4
1/21/2010,21.22,23.18,20.95,23.15
1/22/2010,23.42,26.42,23.42,26.29
1/25/2010,24.86,25.67,24.68,25.19
1/26/2010,25.49,25.61,23.94,25.17
1/27/2010,25.25,25.78,24.13,24.13
1/28/2010,23.91,25.43,23.89,24.67
1/29/2010,24.27,25.54,23.64,25.38
2/1/2010,25,25,23.62,23.64
2/2/2010,23.57,23.71,22.68,22.93
2/3/2010,23.21,23.28,22.87,23
2/4/2010,23.83,26.1,23.83,25.98
2/5/2010,25.9,27.92,25.7,26
2/8/2010,26.13,26.48,25.55,26.43
2/9/2010,25.56,26.46,25.24,26.04
2/10/2010,26.11,26.59,25.37,25.87
2/11/2010,25.97,26.18,24.57,24.57
2/12/2010,25.23,25.66,24.46,24.46
2/16/2010,24.53,24.61,23.49,23.57
2/17/2010,23.51,23.63,23.28,23.29
2/18/2010,23.54,23.57,22.76,22.78
2/19/2010,22.9,22.93,22.18,22.31
2/22/2010,22.09,22.42,21.53,21.73
2/23/2010,21.94,22.9,21.57,22.62
2/24/2010,22.57,22.83,21.98,22.08
2/25/2010,23.25,23.62,22.04,22.07
2/26/2010,22.07,22.35,21.56,21.65
3/1/2010,21.81,21.99,21.43,21.44
3/2/2010,21.2,21.27,20.84,21.18
3/3/2010,21.11,21.17,20.72,20.97
3/4/2010,20.95,21.39,20.77,21.03
3/5/2010,20.63,20.73,20,20.23
3/8/2010,20.42,20.43,20.06,20.26
3/9/2010,20.47,20.48,19.76,20.16
3/10/2010,20.2,20.63,19.64,20.51
3/11/2010,20.89,21.51,20.69,20.7
3/12/2010,20.59,20.95,20.27,20.27
3/15/2010,20.97,21.62,20.66,20.72
3/16/2010,20.58,20.61,20.08,20.16
3/17/2010,20.02,20.21,19.36,19.72
3/18/2010,19.68,19.89,19.48,19.48
3/19/2010,19.44,20.58,19.43,19.95
3/22/2010,20.46,20.46,19.84,20.11
3/23/2010,19.77,19.93,19.31,19.68
3/24/2010,19.71,20.32,19.6,20.08
3/25/2010,19.78,20.69,19.33,20.58
3/26/2010,20.43,20.76,19.89,20.06
3/29/2010,20.09,20.42,19.84,19.85
3/30/2010,19.8,20.16,19.54,19.54
3/31/2010,19.85,20.19,19.54,19.92
4/1/2010,19.45,20.44,19.35,19.9
4/5/2010,20.03,20.16,19.35,19.35
4/6/2010,19.65,19.78,18.78,18.84
4/7/2010,19.19,19.54,18.75,19.19
4/8/2010,19.61,19.92,18.86,19.08
4/9/2010,18.93,19.07,18.62,18.62
4/12/2010,18.89,19.14,18.66,18.96
4/13/2010,19.05,19.5,18.69,18.99
4/14/2010,18.76,19.05,18.57,18.77
4/15/2010,18.97,19.15,18.71,18.9
4/16/2010,19.14,20.94,19,20.23
4/19/2010,20.64,21.12,19.79,19.79
4/20/2010,19.56,19.67,18.99,18.99
4/21/2010,19,19.65,18.72,19.3
4/22/2010,19.91,20.53,19.44,19.59
4/23/2010,19.42,19.55,19.27,19.39
4/26/2010,19.67,19.86,19.49,19.86
4/27/2010,20.21,22.83,20.2,22.72
4/28/2010,22.44,22.99,22.12,22.31
4/29/2010,21.89,21.93,20.86,20.96
4/30/2010,21.03,23.77,20.27,23.67
5/3/2010,23.64,23.64,22.07,22.58
5/4/2010,23.81,25.95,23.81,25.07
5/5/2010,26.26,27.25,25.24,26.37
5/6/2010,26.83,33.6,26.25,26.37
5/7/2010,30.88,37.14,26.37,36.62
5/10/2010,28.97,30.02,27.55,28.98
5/11/2010,30.35,30.35,27.47,28.87
5/12/2010,27.91,27.98,26.26,26.65
5/13/2010,26.79,27.73,26.26,27.61
5/14/2010,28.68,31.93,28.64,30.8
5/17/2010,30.63,32.75,30.35,30.51
5/18/2010,29.24,32.94,28.97,32.81
5/19/2010,33.09,35.37,32.47,34.18
5/20/2010,37.78,41.07,36.98,40.83
5/21/2010,42.98,42.98,36.85,37.4
5/24/2010,38.53,38.53,35.06,36.91
5/25/2010,39.58,40.25,34.9,34.9
5/26/2010,33.45,34.9,30.73,33.95
5/27/2010,31.23,31.46,30.56,30.64
5/28/2010,30.86,32.53,30.36,32
6/1/2010,33.43,34.06,31.51,34.02
6/2/2010,33.52,33.74,30.59,30.59
6/3/2010,30.33,31.21,29.87,30.24
6/4/2010,32.58,34.74,32,34.37
6/7/2010,34.43,35.31,33.78,35.3
6/8/2010,35.09,35.78,33.42,33.65
6/9/2010,32.81,34.08,31.62,33.8
6/10/2010,31.92,32.36,31.1,31.47
6/11/2010,32.26,34.8,30.9,30.95
6/14/2010,30.09,30.74,29.5,30.68
6/15/2010,30.03,30.06,28.36,28.45
6/16/2010,29.26,29.29,28.4,28.78
6/17/2010,28.47,29.31,27.38,28.21
6/18/2010,27.92,28.24,27.44,27.96
6/21/2010,26.31,28.1,26.13,27.54
6/22/2010,27.62,29.26,27.2,29.09
6/23/2010,29.23,30.53,28.93,29.26
6/24/2010,29.86,31.61,29.7,31.36
6/25/2010,31.32,32.06,30.33,30.7
6/28/2010,30.81,31.31,30.5,30.96
6/29/2010,32.68,35.22,30.96,34.38
6/30/2010,34.41,35.33,32.91,35.23
7/1/2010,35.15,37.26,34.08,34.49
7/2/2010,33.84,34.32,32.62,33.29
7/6/2010,31.71,33.02,30.57,32.01
7/7/2010,31.93,31.93,29.65,29.72
7/8/2010,29.29,30.09,28.19,28.83
7/9/2010,28.76,29.02,28.01,28.17
7/12/2010,28.58,28.95,28.06,28.39
7/13/2010,27.63,28.32,27.46,28.32
7/14/2010,28.53,29.52,28.51,28.83
7/15/2010,29.02,30.81,28.79,29.23
7/16/2010,29.69,31.34,29.62,30.6
7/19/2010,30.48,30.97,29.6,30.08
7/20/2010,31.06,31.06,28.21,28.22
7/21/2010,27.84,29.86,27.83,29.08
7/22/2010,27.97,28.05,27.04,27.9
7/23/2010,27.96,28.2,26.86,26.99
7/26/2010,27.2,27.32,26.44,26.44
7/27/2010,25.84,26.73,25.84,26.37
7/28/2010,26.02,26.92,25.37,26.71
7/29/2010,26.1,27.92,25.83,27.12
7/30/2010,27.83,28.43,26.76,27.14
8/2/2010,26.2,26.37,25.24,25.4
8/3/2010,25.68,26.19,25.41,26.01
8/4/2010,25.9,26.48,25.61,25.96
8/5/2010,26.61,26.65,25.36,26.16
8/6/2010,27.18,27.57,26.12,26.12
8/9/2010,25.94,26.58,25.71,26.03
8/10/2010,27.04,27.49,26,26.31
8/11/2010,28.25,28.97,28.24,28.69
8/12/2010,30.18,30.18,28.86,29.25
8/13/2010,29.44,29.97,29.14,29.97
8/16/2010,30.97,31.15,29.71,29.8
8/17/2010,29.14,29.16,28.12,28.57
8/18/2010,28.54,29.04,27.77,28.58
8/19/2010,28.64,30.03,28.48,29.63
8/20/2010,29.99,30.12,29.44,29.54
8/23/2010,29.48,29.48,28.58,29.29
8/24/2010,30.82,32.66,29.85,30.31
8/25/2010,30.93,31.36,29.59,29.85
8/26/2010,29.65,30.44,29.23,30.37
8/27/2010,29.87,30.73,28.38,28.4
8/30/2010,29.12,30.01,28.83,30.01
8/31/2010,30.12,30.32,28.9,29.04
9/1/2010,28.3,28.3,27.23,27.29
9/2/2010,27.46,27.55,26.61,26.62
9/3/2010,25.8,26.4,25.26,25.31
9/7/2010,26.19,26.83,26.19,26.77
9/8/2010,26.71,26.71,26.09,26.3
9/9/2010,25.54,26.38,25.54,26.1
9/10/2010,25.93,26.02,25.58,25.59
9/13/2010,25.23,25.23,24.69,24.75
9/14/2010,24.88,25.09,24.41,24.74
9/15/2010,25.25,25.39,24.91,24.93
9/16/2010,25.28,25.57,24.96,24.96
9/17/2010,24.67,25.33,24.67,25.12
9/20/2010,25.02,25.34,24.45,24.59
9/21/2010,24.59,25.15,24.26,24.94
9/22/2010,24.92,25.52,24.61,25.16
9/23/2010,26.04,26.25,25.28,26.16
9/24/2010,25.16,25.17,24.75,24.75
9/27/2010,25.02,25.23,24.86,25.2
9/28/2010,25.29,26.17,25.21,25.34
9/29/2010,25.65,26.03,25.43,25.91
9/30/2010,25.51,26.83,25.13,26.4
10/1/2010,25.75,26.42,25.3,25.7
10/4/2010,26.23,26.88,26.07,26.32
10/5/2010,25.69,25.81,24.93,25.08
10/6/2010,25.08,25.33,24.83,24.91
10/7/2010,24.64,25.36,24.62,24.89
10/8/2010,24.65,24.92,23.92,24.06
10/11/2010,24.1,24.15,23.89,23.98
10/12/2010,24.17,24.6,23.3,23.37
10/13/2010,22.95,23.23,22.67,22.98
10/14/2010,22.99,24.04,22.99,23.56
10/15/2010,22.27,24.16,22.27,23.2
10/18/2010,23.53,23.56,22.77,22.8
10/19/2010,23.64,24.03,23.18,23.59
10/20/2010,23.4,23.58,22.52,22.66
10/21/2010,22.53,23.02,22.01,22.22
10/22/2010,22.1,22.16,21.64,21.65
10/25/2010,21.65,21.97,21.34,21.91
10/26/2010,22.29,22.51,22.14,22.2
10/27/2010,22.76,23.53,22.57,22.6
10/28/2010,22.27,23.05,22.21,22.81
10/29/2010,22.93,23.01,22.72,22.95
11/1/2010,22.94,23.61,22.57,23.29
11/2/2010,22.91,23.16,22.8,23.02
11/3/2010,23.04,23.55,21.65,21.65
11/4/2010,20.88,21.01,20.57,20.57
11/5/2010,20.46,20.69,20.04,20.66
11/8/2010,21.2,21.36,20.72,20.73
11/9/2010,20.81,21.63,20.6,21.53
11/10/2010,21.32,21.96,21.24,21.28
11/11/2010,21.82,22.02,21.39,21.47
11/12/2010,21.98,23.17,21.93,22.93
11/15/2010,22.86,22.86,22.21,22.81
11/16/2010,23.43,24.45,23.3,24.08
11/17/2010,24.06,24.06,23.38,23.83
11/18/2010,22.87,22.87,22.07,22.43
11/19/2010,22.68,22.95,21.38,21.4
11/22/2010,22.5,22.91,21.32,21.33
11/23/2010,22.61,23.19,22.05,22.59
11/24/2010,21.68,21.82,21.18,21.81
11/26/2010,22.74,23.42,21.81,21.81
11/29/2010,24.09,24.53,23.22,23.35
11/30/2010,24.5,25.32,24.08,25.19
12/1/2010,23.61,24.04,23.21,23.99
12/2/2010,23.63,23.71,21.94,21.99
12/3/2010,22.08,22.09,20.84,21
12/6/2010,21.59,21.65,20.92,21.04
12/7/2010,20.27,21.03,20.24,20.97
12/8/2010,20.85,21.05,20.37,20.38
12/9/2010,20.03,20.47,19.96,19.98
12/10/2010,19.75,20.03,19.67,19.84
12/13/2010,19.94,20.51,19.85,20.46
12/14/2010,20.46,20.66,20.14,20.39
12/15/2010,20.55,20.82,20.32,20.74
12/16/2010,20.83,21.12,20.51,20.82
12/17/2010,20.85,20.85,20.11,20.29
12/20/2010,20.06,20.52,19.81,20.1
12/21/2010,19.82,20.11,19.8,19.91
12/22/2010,19.86,19.87,19.52,19.57
12/23/2010,19.86,20.44,19.56,20.44
12/27/2010,21.25,21.29,21.04,21.04
12/28/2010,20.94,21.59,20.94,21.18
12/29/2010,21.01,21.03,20.82,20.84
12/30/2010,20.98,21.21,20.9,21.01
12/31/2010,21.24,21.31,20.9,20.9
1/3/2011,20.85,20.86,20,20.62
1/4/2011,20.65,21.28,20.57,20.61
1/5/2011,21,21.06,19.95,20.05
1/6/2011,20.1,20.54,20.1,20.35
1/7/2011,20.46,20.77,20.09,20.29
1/10/2011,21.1,21.15,20.47,20.48
1/11/2011,20.11,20.44,19.97,20.14
1/12/2011,19.28,19.5,19.21,19.23
1/13/2011,19.43,19.65,19.19,19.2
1/14/2011,19.31,19.37,18.35,18.37
1/18/2011,18.91,19.78,18.29,18.38
1/19/2011,18.57,19.8,18.52,19.64
1/20/2011,19.8,20.39,19.71,19.9
1/21/2011,19.18,19.98,19.07,19.97
1/24/2011,20.01,20.07,19.35,19.58
1/25/2011,19.91,20.08,19.34,19.34
1/26/2011,19.08,19.24,18.65,18.82
1/27/2011,18.92,18.92,18.39,18.48
1/28/2011,18.35,20.67,18.16,20.59
1/31/2011,20.18,20.27,18.2,20.15
2/1/2011,19.62,19.62,18.8,18.97
2/2/2011,19.17,19.17,18.87,19.09
2/3/2011,19.28,19.52,18.82,18.92
2/4/2011,18.66,18.83,18.3,18.33
2/7/2011,18.35,18.35,17.91,18.26
2/8/2011,18.23,18.35,17.84,17.85
2/9/2011,18.17,18.36,17.85,17.86
2/10/2011,18.39,18.7,18.01,18.1
2/11/2011,18.36,18.36,17.76,17.86
2/14/2011,17.66,18.17,17.25,17.94
2/15/2011,18.26,18.37,18,18.27
2/16/2011,17.94,18.32,17.74,18.32
2/17/2011,18.65,18.71,17.99,18.63
2/18/2011,18.63,18.93,18.04,18.9
2/22/2011,20.39,21.71,19.71,21.32
2/23/2011,21.46,22.94,21.12,22.47
2/24/2011,22.58,22.95,21.86,22.26
2/25/2011,21.64,21.66,20.41,20.57
2/28/2011,20.41,20.42,19.72,20
3/1/2011,19.57,21.9,19.57,21.9
3/2/2011,21.64,21.87,20.95,21.68
3/3/2011,20.8,20.8,20.19,20.44
3/4/2011,20.34,21.59,20.27,20.8
3/7/2011,20.84,22.48,20.61,21.85
3/8/2011,21.71,22.05,20.99,21.45
3/9/2011,21.45,22.06,21.39,21.82
3/10/2011,22.44,23.05,21.82,22.76
3/11/2011,22.71,22.78,21.66,21.87
3/14/2011,22.71,23.38,22.33,22.49
3/15/2011,25.36,25.36,23.5,24.03
3/16/2011,24.31,27.94,23.99,26.91
3/17/2011,25.54,25.84,24.87,25.44
3/18/2011,24.08,24.6,23.81,24.34
3/21/2011,22.89,22.89,21.77,21.95
3/22/2011,21.9,21.9,21.43,21.7
3/23/2011,21.92,22.24,20.65,20.93
3/24/2011,20.45,20.7,19.99,20.08
3/25/2011,19.88,20.11,19.41,20.03
3/28/2011,20.09,20.86,19.89,20.86
3/29/2011,20.7,21.1,19.79,19.97
3/30/2011,19.65,19.83,19.26,19.75
3/31/2011,19.81,19.9,19.49,19.84
4/1/2011,19.16,19.77,18.95,19.59
4/4/2011,19.42,19.71,19.26,19.39
4/5/2011,19.61,19.62,18.61,19.4
4/6/2011,19.09,19.38,18.96,19.38
4/7/2011,19.36,20.06,19.05,19.5
4/8/2011,19.12,20.43,19.09,20.05
4/11/2011,19.97,20.17,19.71,20.01
4/12/2011,20.54,20.95,20.15,20.33
4/13/2011,19.77,20.33,19.71,19.99
4/14/2011,20.51,20.69,19.71,19.96
4/15/2011,19.61,19.61,18.97,19.17
4/18/2011,20.66,21.12,19.17,19.92
4/19/2011,19.86,19.86,19.16,19.18
4/20/2011,18.22,18.73,18.05,18.48
4/21/2011,18.28,18.59,18.19,18.35
4/25/2011,18.71,18.83,18.48,18.55
4/26/2011,18.3,18.36,17.79,18.27
4/27/2011,18.05,18.7,17.67,17.9
4/28/2011,18,18,17.26,17.52
4/29/2011,17.45,17.72,17.3,17.5
5/2/2011,17.59,18.49,17.59,18.39
5/3/2011,18.65,19.52,18.55,19.11
5/4/2011,19.15,19.82,19.15,19.44
5/5/2011,19.85,20.55,19.04,19.84
5/6/2011,19.23,20.24,18.62,19.91
5/9/2011,19.93,19.93,19.09,19.2
5/10/2011,19.03,19.04,18.18,18.37
5/11/2011,18.57,19.52,18.56,19.05
5/12/2011,19.22,19.69,18.44,18.44
5/13/2011,18.45,19.48,18.39,19.07
5/16/2011,19.58,19.87,18.78,19.87
5/17/2011,20.1,20.39,19.4,19.45
5/18/2011,19.4,19.47,18.29,18.53
5/19/2011,18.34,18.7,18.09,18.17
5/20/2011,18.41,19.14,18.28,19.05
5/23/2011,19.51,20.59,19.33,19.79
5/24/2011,19.71,19.71,18.85,19.17
5/25/2011,19.57,19.57,18.54,18.87
5/26/2011,18.93,19.39,18.09,18.19
5/27/2011,18.18,18.26,17.61,18.13
5/31/2011,17.88,18.36,17.23,17.56
6/1/2011,17.98,19.38,17.98,19.36
6/2/2011,19.26,19.76,18.98,19.32
6/3/2011,21.27,21.27,18.86,19.47
6/6/2011,19.79,20.03,19.2,19.96
6/7/2011,19.83,19.84,19.02,19.5
6/8/2011,19.65,20.05,19.21,19.95
6/9/2011,19.73,19.79,18.79,19.26
6/10/2011,19.51,20.24,19.51,20.11
6/13/2011,20.86,20.96,19.83,20.44
6/14/2011,20.02,20.04,19.15,19.43
6/15/2011,20.4,21.67,20.16,21.38
6/16/2011,21.62,23.89,21.25,22.61
6/17/2011,21.91,23.09,21.75,22.44
6/20/2011,22.91,22.91,21.22,21.22
6/21/2011,20.95,20.95,19.85,20.5
6/22/2011,20.54,20.74,19.81,20.72
6/23/2011,21.69,22.61,20.78,20.93
6/24/2011,20.93,22.01,20.78,21.92
6/27/2011,22.28,22.4,21.33,21.5
6/28/2011,21.4,21.4,20.52,20.52
6/29/2011,20.49,20.49,19.12,19.42
6/30/2011,19.35,19.35,17.68,18.91
7/1/2011,18.59,18.69,17.71,17.93
7/5/2011,18.32,18.58,18.03,18.11
7/6/2011,18.51,18.83,18.36,18.41
7/7/2011,17.61,18.07,17.61,17.77
7/8/2011,18.95,18.95,17.96,17.96
7/11/2011,19.62,20.34,19.22,19.98
7/12/2011,20.4,21,19.98,20.93
7/13/2011,20.28,20.87,19.76,20.85
7/14/2011,20.63,21.97,20.22,21.59
7/15/2011,21.11,21.83,20.92,20.94
7/18/2011,21.56,22.31,21.56,21.84
7/19/2011,21.13,21.13,19.34,20.5
7/20/2011,20.16,20.67,20.16,20.37
7/21/2011,20.05,20.07,19.02,19.2
7/22/2011,19.14,19.61,19,19.2
7/25/2011,20.25,20.41,19.84,20.26
7/26/2011,20.51,21.03,20.32,20.89
7/27/2011,21.31,22.88,21.31,22.69
7/28/2011,22.51,23.18,21.37,22.95
7/29/2011,24.1,24.49,22.48,22.91
8/1/2011,21.67,23.87,21.58,22.38
8/2/2011,22.87,23.61,21.97,23.6
8/3/2011,23.06,24.42,22.73,23.12
8/4/2011,24.12,28.84,23.89,28.56
8/5/2011,26.58,33.39,26.22,29.59
8/8/2011,32.61,38.19,31.51,38.1
8/9/2011,35.21,38.12,30.77,31.07
8/10/2011,33.81,37.42,32.77,36.58
8/11/2011,35.85,36.16,32.87,33.82
8/12/2011,32.84,33.31,31.08,32.75
8/15/2011,31.32,31.55,29.85,30.08
8/16/2011,31.11,31.69,29.49,30.44
8/17/2011,30.15,30.96,29.26,30.03
8/18/2011,33.29,38.26,30.03,36.6
8/19/2011,38.53,38.83,35.5,37.9
8/22/2011,35.12,38.49,35.12,38.26
8/23/2011,38.01,38.25,34.67,34.79
8/24/2011,35.31,35.74,33.87,34.8
8/25/2011,33.77,37.09,33.54,36.61
8/26/2011,37.51,39.42,33.35,34.41
8/29/2011,32.9,32.96,31.95,31.98
8/30/2011,32.42,32.92,31.65,32.47
8/31/2011,31.22,32.53,30.67,31.67
9/1/2011,31.82,32.28,30.88,31.99
9/2/2011,33.92,34.15,33.08,33.79
9/6/2011,37.38,37.38,35.38,35.38
9/7/2011,33.3,33.83,32.96,32.96
9/8/2011,33.56,34.24,32.52,33.71
9/9/2011,34.7,38.11,34.69,36.64
9/12/2011,38.54,39.52,37.01,37.06
9/13/2011,37.13,37.47,36.04,36.06
9/14/2011,35.8,36.84,34.13,34.96
9/15/2011,34.18,34.75,33.32,33.52
9/16/2011,33.27,33.71,32.87,32.95
9/19/2011,34.92,35.35,33.78,33.81
9/20/2011,33.6,34.12,32.8,33.62
9/21/2011,33.63,36.19,33.56,36.19
9/22/2011,38.84,40.6,38.12,39.15
9/23/2011,39.8,40.39,39.18,39.55
9/26/2011,39.06,40.54,38.03,38.03
9/27/2011,36.38,37.63,35.56,37.21
9/28/2011,37.06,39.63,36.42,39.52
9/29/2011,38.18,40.16,37.6,38.18
9/30/2011,39.55,41.24,38.18,41.24
10/3/2011,41.7,43.39,40.16,43.38
10/4/2011,43.64,44.66,39.95,40.45
10/5/2011,39.95,40.4,38.01,38.31
10/6/2011,38.36,38.8,36.98,37.04
10/7/2011,36.51,38.3,36.36,37.31
10/10/2011,36.08,36.08,34.78,34.79
10/11/2011,35.37,35.37,33.88,34.06
10/12/2011,33.54,33.67,31.39,32.97
10/13/2011,33.21,33.95,32.19,32.71
10/14/2011,31.44,32,30.31,30.39
10/17/2011,31.44,33.6,31.41,33.6
10/18/2011,33.59,34.56,30.23,31.98
10/19/2011,31.78,35.53,31.77,34.39
10/20/2011,34.67,36.49,33.88,34.2
10/21/2011,33.64,33.64,31.97,31.97
10/24/2011,32.04,32.17,30.42,30.47
10/25/2011,31.59,32.89,30.47,32.36
10/26/2011,31.36,32.96,30.83,30.94
10/27/2011,27.79,28.08,26.64,27.03
10/28/2011,27.49,27.5,26.48,26.52
10/31/2011,28.05,30.37,27.98,30.37
11/1/2011,34.38,35.57,30.37,34.02
11/2/2011,33.34,33.76,32.6,32.88
11/3/2011,31.83,34.02,31.46,31.62
11/4/2011,32.29,33.05,31.22,31.23
11/7/2011,31.69,32.61,31.09,31.38
11/8/2011,30.52,31.56,29.51,29.52
11/9/2011,32.31,35.56,32.04,35.49
11/10/2011,33.53,35.39,33.13,33.75
11/11/2011,31.53,31.89,31.27,31.6
11/14/2011,32.5,33.72,32.4,32.72
11/15/2011,33.08,33.27,32.04,32.52
11/16/2011,33.56,34.41,32.18,34.39
11/17/2011,34.16,36.68,33.88,35.32
11/18/2011,34.68,35.37,34.1,34.2
11/21/2011,35.42,36.37,34.47,34.78
11/22/2011,34.82,35,33.66,34.24
11/23/2011,34.7,35.87,34.45,35.87
11/25/2011,36.06,36.53,35,36.45
11/28/2011,34.74,34.74,32.19,33.94
11/29/2011,33.74,34.11,33,33.21
11/30/2011,31.09,31.14,29.9,30.58
12/1/2011,30.4,30.48,29.69,30.03
12/2/2011,28.83,29.93,28.17,29.85
12/5/2011,29.15,30.34,28.37,29.9
12/6/2011,30.02,30.17,29.53,30.16
12/7/2011,30.43,31.23,30.37,30.62
12/8/2011,31.44,32.48,31.28,32.09
12/9/2011,31.59,31.59,29.53,29.53
12/12/2011,30.69,31.48,30.14,30.17
12/13/2011,29.43,30.87,28.91,30.17
12/14/2011,30.4,31.34,30.12,30.42
12/15/2011,29.27,29.77,29.09,29.46
12/16/2011,28.76,29.58,28.55,29.03
12/19/2011,28.81,29.21,28.3,28.74
12/20/2011,27.4,27.4,26.78,26.87
12/21/2011,26.61,26.89,25.33,25.56
12/22/2011,25.35,25.52,24.56,25.28
12/23/2011,25.15,25.31,24.88,25.22
12/27/2011,25.83,25.99,25.32,25.54
12/28/2011,25.62,26.8,25.62,26.75
12/29/2011,26.79,26.79,26.19,26.25
12/30/2011,26.31,26.86,26.25,26.86
1/3/2012,25.85,26.06,25.62,26.05
1/4/2012,26.44,26.49,25.31,25.31
1/5/2012,25.72,26.01,24.62,24.7
1/6/2012,24.56,24.9,24.08,24.09
1/9/2012,24.44,24.6,24.05,24.12
1/10/2012,23.32,23.7,23.1,23.68
1/11/2012,24.09,24.17,23.88,24.11
1/12/2012,24.06,24.76,24.04,24.04
1/13/2012,24.74,25.5,24.63,24.67
1/17/2012,24.25,25.02,24.23,25
1/18/2012,25.35,25.67,24.02,24.18
1/19/2012,23.9,24.02,23.48,23.65
1/20/2012,23.62,23.65,22.72,22.82
1/23/2012,22.96,22.98,22.29,22.32
1/24/2012,23.01,23.04,22.03,22.03
1/25/2012,22.32,22.55,20.9,21.36
1/26/2012,20.93,21.89,20.61,21.68
1/27/2012,22,22.02,21.25,21.4
1/30/2012,22.65,22.73,21.77,21.92
1/31/2012,21.58,22.38,21.4,22.09
2/1/2012,21.47,22.41,21.14,21.54
2/2/2012,21.4,21.45,21,21.01
2/3/2012,19.95,20.35,19.33,20.05
2/6/2012,20.7,20.74,19.14,20.39
2/7/2012,20.46,20.58,19.94,20.14
2/8/2012,20.23,20.8,20.09,20.68
2/9/2012,20.67,21.34,20.62,21.34
2/10/2012,22.41,23.93,22.01,23.28
2/13/2012,22.57,22.61,21.18,22.12
2/14/2012,22.32,23.67,22.31,22.82
2/15/2012,22.81,24.45,22.74,24.12
2/16/2012,24.21,24.51,23.12,23.17
2/17/2012,22.56,22.58,21.97,22.39
2/21/2012,22.29,22.69,21.95,22.35
2/22/2012,22.51,22.65,21.92,22.09
2/23/2012,22.31,22.6,20.61,20.78
2/24/2012,20.75,21.38,20.41,21.18
2/27/2012,22.29,22.54,21.35,21.87
2/28/2012,21.97,22.24,21.54,21.6
2/29/2012,21.47,22.18,21.01,21.8
3/1/2012,21.4,21.56,21.03,21.03
3/2/2012,21.06,21.59,20.97,21.26
3/5/2012,21.63,22.37,21.62,21.99
3/6/2012,23.47,24.17,23.27,23.9
3/7/2012,23.61,23.65,22.71,22.72
3/8/2012,21.7,22.3,21.67,21.84
3/9/2012,21.01,21.56,20.89,21.22
3/12/2012,21.25,21.38,20.69,20.81
3/13/2012,19.99,20.55,19.59,19.6
3/14/2012,19.42,21.09,19.42,20.75
3/15/2012,20.44,20.92,20.11,20.54
3/16/2012,20.03,20.64,20.02,20.37
3/19/2012,20.5,20.52,19.73,19.94
3/20/2012,20.43,20.53,19.96,19.96
3/21/2012,19.53,19.91,19.09,19.25
3/22/2012,19.72,20.22,19.55,19.55
3/23/2012,19.42,19.91,18.64,18.64
3/26/2012,18.32,18.49,17.29,17.43
3/27/2012,17.51,18.57,16.84,18.57
3/28/2012,18.49,19.86,18.38,18.79
3/29/2012,19.73,19.92,18.78,18.84
3/30/2012,18.43,18.9,18.34,18.61
4/2/2012,19.06,19.21,18.06,18.46
4/3/2012,18.44,19.41,18.41,18.81
4/4/2012,19.79,20.36,19.34,19.45
4/5/2012,19.81,20.09,19.33,19.82
4/9/2012,21.13,21.21,20.5,21.21
4/10/2012,21.41,22.98,21.06,22.62
4/11/2012,21.76,22.48,21.42,22.47
4/12/2012,22.2,22.25,20.25,20.25
4/13/2012,20.75,22.03,20.75,21.99
4/16/2012,21.6,22.54,21.43,22.04
4/17/2012,21.35,21.35,20.53,20.85
4/18/2012,21.12,21.26,20.66,21.12
4/19/2012,21,21.99,20.51,21.23
4/20/2012,20.79,20.86,20.17,20.48
4/23/2012,22.08,22.22,21.34,21.39
4/24/2012,21.32,21.37,20.5,20.51
4/25/2012,19.76,19.9,19.46,19.46
4/26/2012,19.58,19.64,18.52,18.55
4/27/2012,18.57,18.93,18.46,18.74
4/30/2012,19.21,19.42,19.08,19.32
5/1/2012,19.37,19.52,18.37,19.13
5/2/2012,19.43,19.61,18.93,19.01
5/3/2012,18.98,19.65,18.95,19.5
5/4/2012,19.93,20.76,19.76,20.72
5/7/2012,21.1,21.1,20.18,20.45
5/8/2012,20.95,21.97,19.68,20.81
5/9/2012,21.91,22.48,20.91,21.53
5/10/2012,20.95,21.32,20.72,20.87
5/11/2012,21.62,21.62,20.7,21.55
5/14/2012,22.75,22.97,22.3,22.97
5/15/2012,23.04,24.14,22.54,23.92
5/16/2012,23.52,24.95,23.16,24.92
5/17/2012,24.52,26.41,24.48,26.41
5/18/2012,25.58,27.7,25.54,27.66
5/21/2012,26.86,26.89,24.71,24.71
5/22/2012,24.68,25.7,23.11,25.23
5/23/2012,26.17,27.1,24.9,25.11
5/24/2012,24.97,26.14,24.74,24.78
5/25/2012,25.38,25.43,24.72,24.93
5/29/2012,24.78,24.99,23.89,23.89
5/30/2012,24.91,26.19,24.91,26.19
5/31/2012,26,27.39,25.43,26.22
6/1/2012,27.67,28.58,27.29,28.47
6/4/2012,28.01,29.48,27.75,28.12
6/5/2012,28.05,28.05,26.87,26.87
6/6/2012,26.26,26.39,24.64,24.71
6/7/2012,23.78,24.88,23.74,24.47
6/8/2012,24.89,25.23,23.64,23.64
6/11/2012,23.01,25.51,22.99,25.5
6/12/2012,25.17,26.19,24.93,24.94
6/13/2012,25.6,27.08,25.05,26.5
6/14/2012,26.29,26.94,25,25
6/15/2012,24.8,25.32,23.45,23.67
6/18/2012,24.14,24.27,22.01,22.13
6/19/2012,21.75,21.93,21.16,21.92
6/20/2012,21.49,22.85,20.82,20.84
6/21/2012,20.66,23.29,16.72,23.16
6/22/2012,22.22,22.63,21.4,21.51
6/25/2012,22.94,23.78,22.55,23.03
6/26/2012,22.65,23.04,21.78,22.47
6/27/2012,22.32,22.72,21.99,22.36
6/28/2012,22.99,23.62,22.14,22.25
6/29/2012,20.61,22.25,19.15,20.32
7/2/2012,20.47,20.92,19.6,19.79
7/3/2012,19.69,19.87,19.32,19.32
7/5/2012,20.31,20.74,19.87,20.11
7/6/2012,20.86,20.95,19.93,20.04
7/9/2012,20.7,20.82,20.3,20.37
7/10/2012,20.16,21.19,19.88,20.87
7/11/2012,20.32,21.19,20.15,20.25
7/12/2012,21.05,21.61,20.31,20.69
7/13/2012,20.33,20.35,19.23,19.39
7/16/2012,19.78,19.86,19.3,19.61
7/17/2012,19.22,19.86,18.84,18.92
7/18/2012,19.12,19.27,18.69,18.94
7/19/2012,18.82,19.23,18.39,18.61
7/20/2012,19.36,19.87,19.16,19.64
7/23/2012,22.01,22.31,21.02,21.18
7/24/2012,21.16,22.76,21.16,22.26
7/25/2012,21.93,22.64,21.48,21.88
7/26/2012,20.56,20.97,19.59,20.24
7/27/2012,19.75,19.8,19.35,19.66
7/30/2012,19.94,20.18,19.67,20.13
7/31/2012,20.55,20.79,20.13,20.78
8/1/2012,20.62,20.88,20.28,20.67
8/2/2012,21.06,21.26,20.16,20.23
8/3/2012,19.14,19.2,18.68,18.68
8/6/2012,18.75,18.91,18.68,18.74
8/7/2012,18.49,18.84,18.33,18.81
8/8/2012,19.19,19.2,18.43,18.58
8/9/2012,18.56,18.57,18.2,18.23
8/10/2012,18.42,18.61,18.09,18.14
8/13/2012,18.48,18.52,17.83,18.07
8/14/2012,18,18.75,17.97,18.51
8/15/2012,18.75,18.88,18.24,18.86
8/16/2012,18.9,19.08,18.54,18.55
8/17/2012,18.51,19.12,18.19,18.35
8/20/2012,18.64,18.98,18.39,18.59
8/21/2012,18.46,18.99,18.24,18.8
8/22/2012,19.32,19.61,19.09,19.42
8/23/2012,19.53,20.43,19.36,20.09
8/24/2012,19.78,19.82,19.08,19.24
8/27/2012,19.81,19.96,19.45,19.92
8/28/2012,19.74,20,19.5,19.82
8/29/2012,19.99,20.46,19.9,20.46
8/30/2012,20.86,21.07,20.68,20.92
8/31/2012,20.46,21.03,19.65,20.62
9/4/2012,21.08,21.34,20.63,20.68
9/5/2012,20.17,20.19,19.42,19.99
9/6/2012,19.84,19.84,18.46,18.62
9/7/2012,18.62,18.62,17.59,17.59
9/10/2012,17.1,18.3,17.08,18.3
9/11/2012,18.43,18.44,17.85,18.29
9/12/2012,17.88,18.06,17.59,17.6
9/13/2012,17.68,18.36,16.07,16.45
9/14/2012,16.22,16.92,15.97,16.9
9/17/2012,17.11,17.23,16.98,17.13
9/18/2012,17.22,17.32,16.6,16.63
9/19/2012,16.57,16.69,16.16,16.49
9/20/2012,17.02,17.09,16.72,16.75
9/21/2012,16.57,16.81,16.5,16.79
9/24/2012,17.32,17.32,16.48,16.59
9/25/2012,16.56,17.7,16.45,17.6
9/26/2012,17.9,18.7,17.9,18.5
9/27/2012,18.21,18.25,17.07,17.07
9/28/2012,17.39,17.79,17.07,17.61
10/1/2012,17.74,18.03,17.12,17.92
10/2/2012,17.59,18.27,17.57,17.74
10/3/2012,17.66,17.96,17.38,17.58
10/4/2012,17.34,17.58,17.04,17.06
10/5/2012,16.58,17.13,16.49,16.93
10/8/2012,17.45,17.63,17.31,17.36
10/9/2012,17.39,18.01,17.32,18.01
10/10/2012,18.17,18.48,17.93,18.13
10/11/2012,17.38,17.7,17.26,17.57
10/12/2012,17.45,17.77,17.02,17.74
10/15/2012,17.75,17.8,17.09,17.11
10/16/2012,16.85,17.03,16.52,16.97
10/17/2012,16.98,17.11,16.5,16.61
10/18/2012,16.84,16.89,16.37,16.58
10/19/2012,16.64,18.31,16.64,18.12
10/22/2012,18.3,18.84,17.87,17.87
10/23/2012,18.98,19.81,18.93,19.45
10/24/2012,19.03,19.41,18.83,19.27
10/25/2012,18.67,19.46,18.48,19.11
10/26/2012,18.87,19.41,18.65,19.02
10/31/2012,18.74,19.45,18.61,19.31
11/1/2012,18.75,18.77,17.72,17.73
11/2/2012,17.38,18.55,17.37,18.55
11/5/2012,18.88,19.27,18.78,18.97
11/6/2012,18.8,18.82,17.99,18.24
11/7/2012,18.66,19.96,18.56,19.81
11/8/2012,19.63,19.93,19.29,19.83
11/9/2012,20.19,20.19,19.3,20.07
11/12/2012,20.11,20.11,19.15,19.15
11/13/2012,19.6,19.62,18.49,18.97
11/14/2012,18.69,19.94,18.45,19.87
11/15/2012,19.71,20.35,19.55,19.79
11/16/2012,19.54,20.25,18.93,18.93
11/19/2012,18.13,18.13,17.48,17.59
11/20/2012,17.57,17.77,17.27,17.28
11/21/2012,17.24,17.58,17.1,17.58
11/23/2012,17.27,17.58,16.88,17.58
11/26/2012,17.61,17.75,17.15,17.31
11/27/2012,17.2,17.62,16.95,17.62
11/28/2012,17.97,18.41,17.12,17.2
11/29/2012,16.93,17.15,16.66,16.82
11/30/2012,16.94,17.5,16.7,17.27
12/3/2012,17.08,17.84,17.01,17.82
12/4/2012,17.88,18.39,17.65,18.19
12/5/2012,18.08,18.61,17.68,17.83
12/6/2012,17.89,18.11,17.64,17.84
12/7/2012,17.55,17.99,17.27,17.29
12/10/2012,17.58,17.59,17.35,17.35
12/11/2012,17.22,17.36,16.9,17
12/12/2012,16.94,17.43,16.91,17.43
12/13/2012,17.42,18.04,17.33,17.88
12/14/2012,18.14,18.2,17.98,18.03
12/17/2012,18.19,18.2,17.41,17.5
12/18/2012,17.53,17.56,16.74,16.81
12/19/2012,17.05,17.88,16.86,17.86
12/20/2012,17.87,18.21,17.78,18.14
12/21/2012,19.6,19.8,18.85,18.87
12/24/2012,19.08,19.21,18.87,18.87
12/26/2012,19.18,19.93,19.16,19.93
12/27/2012,19.87,20.93,19.71,19.92
12/28/2012,20.51,21.92,20.2,21.88
12/31/2012,21.55,21.58,18.7,18.73
1/2/2013,17,17.63,16.59,16.69
1/3/2013,16.8,16.99,16.48,16.74
1/4/2013,16.43,16.49,16.18,16.34
1/7/2013,16.82,16.82,16.43,16.45
1/8/2013,16.5,16.84,16.38,16.45
1/9/2013,16.18,16.59,16.13,16.5
1/10/2013,16.07,16.5,16.07,16.12
1/11/2013,16.19,16.34,15.97,16.01
1/14/2013,16.31,16.51,16.16,16.29
1/15/2013,16.6,16.62,16.2,16.33
1/16/2013,16.33,16.47,16.03,16.24
1/17/2013,16.1,16.18,15.85,16.08
1/18/2013,15.99,16.04,15.22,15.29
1/22/2013,15.6,15.62,14.72,14.72
1/23/2013,14.9,14.9,14.39,14.5
1/24/2013,14.61,15.19,14.37,14.67
1/25/2013,14.58,14.79,14.43,14.66
1/28/2013,14.85,15.24,14.84,15.07
1/29/2013,15.29,15.3,14.67,14.74
1/30/2013,14.96,15.43,14.93,15.42
1/31/2013,15.58,15.62,15.39,15.55
2/1/2013,15.02,15.02,14.6,14.79
2/4/2013,15.41,15.85,15.27,15.79
2/5/2013,15.48,15.49,15,15.3
2/6/2013,15.49,15.54,15.11,15.14
2/7/2013,15.18,15.82,15.17,15.19
2/8/2013,15.02,15.02,14.73,14.8
2/11/2013,14.95,15.02,14.67,14.68
2/12/2013,14.74,14.83,14.45,14.53
2/13/2013,14.46,14.72,14.43,14.63
2/14/2013,14.88,14.9,14.43,14.43
2/15/2013,14.34,14.59,14.23,14.26
2/19/2013,14.44,14.44,13.94,13.99
2/20/2013,14.02,15.41,14.01,15.41
2/21/2013,15.41,16.37,15.41,15.71
2/22/2013,15.27,15.56,14.98,14.98
2/25/2013,14.67,18.03,14.57,17.94
2/26/2013,17.15,17.96,16.86,17.25
2/27/2013,17.1,17.1,15.46,15.66
2/28/2013,15.87,16.2,15.35,16.18
3/1/2013,16.67,17.12,16.09,16.29
3/4/2013,16.68,16.68,15.42,15.42
3/5/2013,15.04,15.08,14.75,14.95
3/6/2013,14.79,15.19,14.73,15.03
3/7/2013,14.96,15.03,14.71,14.74
3/8/2013,14.45,14.97,14.43,14.52
3/11/2013,14.89,14.97,14.3,14.3
3/12/2013,14.36,14.98,14.3,14.58
3/13/2013,14.55,14.78,14.51,14.51
3/14/2013,14.42,14.46,13.98,14.1
3/15/2013,14.21,14.67,14.21,14.26
3/18/2013,15.39,15.5,14.82,15.39
3/19/2013,15.14,16.72,15.09,15.71
3/20/2013,14.98,15,14.6,14.93
3/21/2013,15.24,15.63,14.92,15.53
3/22/2013,15.25,15.46,15.17,15.26
3/25/2013,14.88,15.86,14.71,15.3
3/26/2013,14.79,15,14.71,14.75
3/27/2013,15.41,15.53,14.8,14.93
3/28/2013,14.8,14.94,12.39,14.64
4/1/2013,15.03,15.46,14.95,15.28
4/2/2013,15,15,14.6,14.71
4/3/2013,14.7,15.73,14.7,15.49
4/4/2013,15.49,15.92,15.3,15.3
4/5/2013,16.38,16.38,15.33,15.38
4/8/2013,15.41,15.63,14.7,14.71
4/9/2013,14.68,15,14.35,14.46
4/10/2013,14.3,14.37,13.98,14.12
4/11/2013,14.19,14.24,13.94,14.17
4/12/2013,14.39,14.68,13.98,14.02
4/15/2013,14.67,17.03,14.54,17.03
4/16/2013,15.69,15.75,15.07,15.1
4/17/2013,15.91,17.46,15.73,16.93
4/18/2013,16.72,17.96,16.7,17.52
4/19/2013,17.12,17.21,16.17,16.17
4/22/2013,16.17,16.77,15.55,15.66
4/23/2013,15.18,15.8,14.82,14.83
4/24/2013,14.91,15.08,14.73,14.97
4/25/2013,14.97,15.09,14.53,14.96
4/26/2013,15.17,15.3,14.87,14.89
4/29/2013,14.92,15,14.6,14.92
4/30/2013,14.99,15.32,14.74,14.78
5/1/2013,15.03,15.64,15.03,15.61
5/2/2013,15.41,15.5,14.87,14.87
5/3/2013,14.39,14.52,14.31,14.45
5/6/2013,14.46,14.59,14.22,14.31
5/7/2013,14.22,14.41,14.15,14.35
5/8/2013,14.37,14.66,14.36,14.4
5/9/2013,14.54,15.08,14.45,14.81
5/10/2013,14.71,15.13,14.68,14.71
5/13/2013,15.1,15.24,14.93,15.05
5/14/2013,15.13,15.31,14.97,14.98
5/15/2013,15.21,15.5,15.02,15.05
5/16/2013,15.27,15.53,15.08,15.45
5/17/2013,15.23,15.4,15.04,15.17
5/20/2013,15.47,15.49,15.19,15.31
5/21/2013,15.36,15.78,15.28,15.78
5/22/2013,15.65,16.37,15.33,15.82
5/23/2013,16.59,16.62,15.9,16
5/24/2013,16.31,16.36,15.92,15.92
5/28/2013,15.48,16.01,15.42,15.87
5/29/2013,16.41,16.65,15.96,16.15
5/30/2013,16.17,16.25,15.86,16.01
5/31/2013,16.39,17.28,16.02,17.13
6/3/2013,17.18,17.95,17.09,17.22
6/4/2013,17.16,17.8,16.93,17.26
6/5/2013,17.57,18.18,17.45,18
6/6/2013,18.1,18.79,17.53,17.55
6/7/2013,17.09,17.25,16.6,16.72
6/10/2013,16.59,16.84,16.52,16.73
6/11/2013,17.77,17.97,17.14,17.91
6/12/2013,17.57,19.07,17.54,19.07
6/13/2013,18.97,19.08,17.79,17.83
6/14/2013,18.03,18.36,17.61,18.3
6/17/2013,17.85,18.48,17.66,17.99
6/18/2013,17.97,18.04,17.69,17.75
6/19/2013,17.92,18.14,16.98,17.78
6/20/2013,18.96,20.82,18.78,20.34
6/21/2013,19.4,20.7,19.1,19.49
6/24/2013,20.63,21.35,19.71,20.73
6/25/2013,19.75,20.2,19.34,19.67
6/26/2013,18.73,19.43,18.62,18.82
6/27/2013,18.33,18.69,18.19,18.56
6/28/2013,18.83,19.11,18.04,18.39
7/1/2013,18.32,18.32,17.65,17.92
7/2/2013,17.95,18.33,17.57,18.02
7/3/2013,18.44,18.54,17.81,17.81
7/5/2013,17.37,17.81,16.88,16.88
7/8/2013,16.69,16.94,16.4,16.41
7/9/2013,16,16.15,15.81,15.91
7/10/2013,16.01,16.05,15.64,15.77
7/11/2013,15.2,15.66,15.19,15.5
7/12/2013,15.57,15.82,15.51,15.65
7/15/2013,15.68,15.83,15.45,15.62
7/16/2013,15.6,16.11,15.57,16.01
7/17/2013,15.93,16.05,15.52,15.56
7/18/2013,15.38,15.58,15.12,15.56
7/19/2013,15.67,15.71,15.04,15.04
7/22/2013,15.3,15.37,14.69,14.69
7/23/2013,14.55,15.04,14.51,14.88
7/24/2013,14.79,15.41,14.79,15.19
7/25/2013,15.41,15.46,14.98,15
7/26/2013,15.26,15.5,14.8,14.8
7/29/2013,15.21,15.43,15.1,15.11
7/30/2013,15.08,15.45,14.98,14.98
7/31/2013,14.99,15.12,14.54,14.92
8/1/2013,14.48,14.63,14.4,14.55
8/2/2013,14.37,14.45,14.02,14.03
8/5/2013,14.11,14.2,13.85,13.86
8/6/2013,14.11,14.67,14.07,14.56
8/7/2013,14.88,15.44,14.8,14.81
8/8/2013,14.57,14.95,14.45,14.67
8/9/2013,14.77,15.28,14.65,15.1
8/12/2013,15.59,15.59,15.17,15.17
8/13/2013,15.16,15.42,14.79,14.86
8/14/2013,14.94,15.27,14.86,15.24
8/15/2013,16.05,16.47,15.83,16.24
8/16/2013,16.21,16.24,15.69,15.94
8/19/2013,16.29,16.45,15.96,16.4
8/20/2013,16.53,16.53,15.92,16.31
8/21/2013,16.89,17.06,15.88,16.79
8/22/2013,16.46,16.46,15.93,15.99
8/23/2013,15.77,16.07,15.55,15.55
8/26/2013,15.79,16.27,15.43,16.21
8/27/2013,17.31,17.79,16.86,17.68
8/28/2013,17.76,17.86,17.32,17.62
8/29/2013,17.78,17.98,17.26,17.9
8/30/2013,17.84,18.4,17.83,18.05
9/3/2013,17.46,18.09,17.37,17.64
9/4/2013,17.78,17.86,17.13,17.3
9/5/2013,17.34,17.34,17.03,17.14
9/6/2013,16.84,17.83,16.68,17.17
9/9/2013,17.06,17.11,16.59,16.83
9/10/2013,16.3,16.4,16.09,16.11
9/11/2013,16.31,16.31,15.4,15.61
9/12/2013,15.62,15.91,15.42,15.85
9/13/2013,15.82,15.92,15.67,15.7
9/16/2013,15.53,15.73,15.27,15.58
9/17/2013,15.61,15.72,15.52,15.66
9/18/2013,15.79,15.79,14.88,15.18
9/19/2013,14.84,15.14,14.83,15.02
9/20/2013,15.14,15.41,14.94,15.32
9/23/2013,15.65,16.07,15.64,15.92
9/24/2013,15.81,15.92,15.43,15.64
9/25/2013,15.74,15.95,15.42,15.56
9/26/2013,15.47,15.61,15.24,15.41
9/27/2013,15.87,16.19,15.81,16.04
9/30/2013,17.27,17.28,16.62,16.8
10/1/2013,16.76,16.77,16.1,16.13
10/2/2013,16.73,16.99,16.51,16.81
10/3/2013,16.93,18.4,16.91,17.7
10/4/2013,17.82,17.88,17.14,17.21
10/7/2013,18.52,19.07,18.04,19.07
10/8/2013,18.84,20.24,18.82,19.84
10/9/2013,19.69,20.37,18.94,19.29
10/10/2013,18.2,18.2,17.14,17.21
10/11/2013,17.18,17.2,16.41,16.57
10/14/2013,17.52,17.8,16.64,16.92
10/15/2013,17.05,18.41,16.93,18.41
10/16/2013,17.7,17.7,16.17,16.26
10/17/2013,16.19,16.25,15.31,15.44
10/18/2013,15.1,15.27,14.74,14.92
10/21/2013,14.93,15.27,14.87,15.14
10/22/2013,14.88,15.23,14.82,15.02
10/23/2013,15.35,15.67,15.11,15.11
10/24/2013,15.16,15.23,14.85,14.9
10/25/2013,14.85,14.98,14.66,14.87
10/28/2013,15.12,15.15,14.79,14.87
10/29/2013,14.83,15.09,14.72,15.03
10/30/2013,15.01,15.45,15,15.13
10/31/2013,15.24,15.42,14.81,15.25
11/1/2013,15.15,15.41,15.01,15.06
11/4/2013,15.06,15.32,14.63,14.68
11/5/2013,14.89,15.13,14.68,14.92
11/6/2013,14.73,14.88,14.62,14.66
11/7/2013,14.62,15.47,14.61,15.36
11/8/2013,15.29,15.32,14.57,14.63
11/11/2013,14.81,14.89,14.69,14.73
11/12/2013,14.96,15.06,14.8,14.88
11/13/2013,15.25,15.25,14.81,14.83
11/14/2013,14.89,14.96,14.66,14.88
11/15/2013,14.71,14.86,14.65,14.8
11/18/2013,14.8,15.04,14.63,14.93
11/19/2013,14.99,15.31,14.89,15.25
11/20/2013,15.36,15.36,14.76,14.99
11/21/2013,14.91,14.92,14.41,14.52
11/22/2013,14.49,14.52,14.15,14.15
11/25/2013,14.16,14.51,14.14,14.43
11/26/2013,14.54,14.59,14.27,14.55
11/27/2013,14.58,14.62,14.4,14.6
11/29/2013,14.7,15.06,14.62,15.03
12/2/2013,15.09,15.23,14.98,15.19
12/3/2013,15.58,15.88,15.41,15.49
12/4/2013,15.87,16.21,15.29,15.57
12/5/2013,15.7,15.99,15.58,15.78
12/6/2013,15.1,15.25,14.82,14.95
12/9/2013,15.07,15.14,14.93,14.93
12/10/2013,15.1,15.24,15.01,15.22
12/11/2013,15.26,16.03,15.26,15.99
12/12/2013,16.14,16.42,15.88,16.12
12/13/2013,15.95,16.29,15.91,16.27
12/16/2013,16.11,16.41,15.89,16.39
12/17/2013,16.48,16.87,16.34,16.5
12/18/2013,16.37,16.84,14.95,14.99
12/19/2013,15.04,15.29,14.82,15.28
12/20/2013,14.96,15.13,14.72,15.01
12/23/2013,14.67,14.81,14.52,14.52
12/24/2013,14.38,14.54,14.24,14.24
12/26/2013,14.15,14.17,13.78,14.03
12/27/2013,13.89,14.05,13.89,13.98
12/30/2013,14.2,14.78,14.2,14.77
12/31/2013,14.67,15.13,14.65,14.77
1/2/2014,15.13,15.41,15.08,15.26
1/3/2014,15.21,15.36,14.97,15.09
1/6/2014,14.78,15.18,14.75,14.82
1/7/2014,13.58,14.67,13.57,14.41
1/8/2014,14.48,14.59,14.27,14.29
1/9/2014,14.29,14.63,14.23,14.29
1/10/2014,14.11,14.37,13.94,13.94
1/13/2014,14.26,15.17,14.19,14.98
1/14/2014,14.81,14.81,14.32,14.49
1/15/2014,14.36,14.55,14.29,14.46
1/16/2014,14.57,14.79,14.55,14.69
1/17/2014,14.68,14.97,14.37,14.63
1/21/2014,14.56,15.12,14.56,14.62
1/22/2014,14.58,14.8,14.44,14.47
1/23/2014,14.99,15.54,14.94,14.98
1/24/2014,15.69,17.4,15.67,17.4
1/27/2014,16.91,18.07,16.71,17.13
1/28/2014,17.12,17.12,16.17,16.2
1/29/2014,17.4,17.54,16.59,17.24
1/30/2014,16.7,17.37,16.47,17.37
1/31/2014,18.43,18.51,17.49,18.09
2/3/2014,18.28,20.2,18.17,20.14
2/4/2014,19.38,19.98,18.6,19.08
2/5/2014,19.38,19.99,19.06,19.67
2/6/2014,19.1,19.1,17.78,17.79
2/7/2014,17.03,17.23,16.25,16.34
2/10/2014,16.56,16.7,16.31,16.32
2/11/2014,16.29,16.29,15.47,15.75
2/12/2014,15.61,15.97,15.24,15.65
2/13/2014,16.24,16.33,15.43,15.5
2/14/2014,15.56,15.56,15,15.17
2/18/2014,15.25,15.51,15.09,15.22
2/19/2014,15.57,16.33,15.25,16.29
2/20/2014,16.1,16.5,15.65,15.72
2/21/2014,15.61,15.66,15.3,15.64
2/24/2014,15.65,15.76,15.11,15.5
2/25/2014,15.46,16.04,15.36,15.5
2/26/2014,15.37,16,15.31,15.91
2/27/2014,15.92,16.04,15.59,15.63
2/28/2014,15.71,16.24,15.35,15.8
3/3/2014,17.11,17.44,16.58,16.92
3/4/2014,15.89,15.96,15.67,15.69
3/5/2014,15.74,16.07,15.58,15.77
3/6/2014,15.58,16.01,15.52,15.83
3/7/2014,15.5,16.09,15.5,15.87
3/10/2014,16.21,16.69,15.84,15.97
3/11/2014,15.96,16.38,15.75,16.35
3/12/2014,16.78,16.87,16.08,16.08
3/13/2014,15.95,17.41,15.93,17.13
3/14/2014,17.37,18.26,17.03,17.93
3/17/2014,17.18,17.18,16.44,16.69
3/18/2014,16.44,16.54,15.92,16.15
3/19/2014,16.12,17.03,15.77,16.38
3/20/2014,16.52,16.66,15.86,15.86
3/21/2014,15.54,16.28,15.49,16.18
3/24/2014,15.86,16.7,15.78,16.1
3/25/2014,15.56,16.12,15.47,15.53
3/26/2014,15.32,16.19,15.19,16.08
3/27/2014,16.14,16.49,15.74,15.87
3/28/2014,15.58,15.86,15.23,15.46
3/31/2014,15.13,15.29,14.86,15.08
4/1/2014,14.76,14.79,14.4,14.4
4/2/2014,14.42,14.63,14.26,14.45
4/3/2014,14.35,14.78,14.34,14.5
4/4/2014,14.21,15.33,14.15,14.96
4/7/2014,15.55,16.19,15.15,15.9
4/8/2014,15.95,16.48,15.43,15.53
4/9/2014,15.32,15.56,14.75,14.83
4/10/2014,14.98,16.38,14.74,16.07
4/11/2014,16.64,17.6,15.81,16.79
4/14/2014,16.21,17.23,16.19,16.34
4/15/2014,16.48,17.37,15.98,15.99
4/16/2014,15.51,15.85,15.15,15.23
4/17/2014,15.21,15.28,14.63,14.84
4/21/2014,15.2,15.21,14.67,14.75
4/22/2014,14.7,14.71,14.46,14.61
4/23/2014,14.7,14.92,14.66,14.83
4/24/2014,14.67,15.15,14.53,14.77
4/25/2014,15.09,15.6,15.08,15.18
4/28/2014,15.2,15.8,14.85,14.93
4/29/2014,14.84,15.1,14.75,14.83
4/30/2014,15.03,15.11,14.63,14.7
5/1/2014,14.88,14.97,14.55,14.67
5/2/2014,14.66,14.97,14.46,14.68
5/5/2014,15.28,15.45,14.63,14.75
5/6/2014,14.94,15.12,14.71,15.12
5/7/2014,14.87,15.4,14.6,14.62
5/8/2014,14.81,14.89,14.25,14.58
5/9/2014,14.63,14.95,14.29,14.38
5/12/2014,14.15,14.17,13.82,13.88
5/13/2014,13.88,14.11,13.77,14.04
5/14/2014,14.17,14.37,14,14.18
5/15/2014,14.53,15.19,14.53,14.86
5/16/2014,14.79,14.93,14.11,14.33
5/19/2014,14.59,14.61,14.06,14.11
5/20/2014,14.3,14.7,14.1,14.41
5/21/2014,14,14.07,13.73,13.87
5/22/2014,13.82,13.91,13.56,13.83
5/23/2014,13.83,13.88,13.6,13.62
5/27/2014,13.6,13.67,13.57,13.64
5/28/2014,13.64,13.81,13.57,13.77
5/29/2014,13.68,13.92,13.44,13.71
5/30/2014,13.72,13.84,13.64,13.75
6/2/2014,13.87,14.14,13.83,13.88
6/3/2014,14.11,14.15,13.81,13.82
6/4/2014,14,14.04,13.74,13.77
6/5/2014,13.75,13.79,13.28,13.58
6/6/2014,13.13,13.15,12.73,12.83
6/9/2014,12.97,13.1,12.82,13.02
6/10/2014,13.09,13.26,12.96,13.01
6/11/2014,13.26,13.44,13.12,13.29
6/12/2014,13.43,14.44,13.41,14.11
6/13/2014,14.08,14.32,13.72,13.79
6/16/2014,14.08,14.17,13.8,13.97
6/17/2014,14.07,14.12,13.53,13.66
6/18/2014,13.43,13.49,12.61,12.62
6/19/2014,12.83,12.85,12.56,12.7
6/20/2014,12.57,12.89,12.56,12.87
6/23/2014,13.06,13.17,12.88,12.92
6/24/2014,13.12,13.43,12.73,13.38
6/25/2014,13.63,13.63,13.04,13.11
6/26/2014,13.01,13.59,12.99,13.07
6/27/2014,13.13,13.22,12.76,12.82
6/30/2014,13.04,13.08,12.85,13.01
7/1/2014,12.86,12.87,12.48,12.74
7/2/2014,12.7,12.7,12.29,12.49
7/3/2014,12.34,12.41,12.19,12.24
7/7/2014,12.7,12.89,12.64,12.87
7/8/2014,13.11,13.55,13.11,13.21
7/9/2014,13.13,13.25,12.85,12.99
7/10/2014,13.99,14.01,13.24,13.65
7/11/2014,13.63,13.71,13.24,13.28
7/14/2014,13.04,13.06,12.82,12.93
7/15/2014,12.86,13.4,12.82,13.16
7/16/2014,12.68,12.91,12.56,12.63
7/17/2014,14.97,14.97,14.97,14.97
07/18/2014, 13.81, 13.93, 13.15, 13.36
07/21/2014, 13.60, 14.02, 13.53, 13.80
07/22/2014, 13.18, 13.50, 13.00, 13.50
07/23/2014, 13.08, 13.54, 13.05, 13.38
07/24/2014, 13.21, 13.56, 13.21, 13.45
07/25/2014, 13.51, 14.01, 13.51, 14.00
07/28/2014, 14.03, 14.40, 13.87, 13.92
07/29/2014, 13.72, 14.23, 13.59, 14.22
07/30/2014, 13.81, 14.55, 13.74, 14.26
07/31/2014, 14.82, 16.49, 14.78, 16.38
08/01/2014, 16.32, 17.01, 15.64, 16.78
08/04/2014, 16.58, 16.73, 15.55, 15.81
08/05/2014, 16.08, 17.34, 15.97, 17.14
08/06/2014, 17.37, 17.37, 16.34, 16.93
08/07/2014, 16.42, 17.69, 16.31, 17.22
08/08/2014, 16.86, 17.60, 16.48, 16.69
08/11/2014, 16.11, 16.11, 15.48, 15.76
08/12/2014, 15.70, 15.99, 15.41, 15.70
08/13/2014, 15.23, 15.66, 14.72, 14.85
08/14/2014, 14.37, 14.61, 14.12, 14.43
08/15/2014, 13.77, 15.30, 13.77, 14.42
08/18/2014, 13.93, 14.09, 13.72, 13.91
08/19/2014, 13.41, 13.79, 13.37, 13.79
08/20/2014, 13.73, 14.03, 13.63, 13.76
08/21/2014, 13.55, 13.67, 13.38, 13.53
08/22/2014, 13.55, 14.02, 13.49, 13.51
08/25/2014, 13.36, 13.57, 13.24, 13.57
08/26/2014, 13.50, 13.83, 13.21, 13.71
08/27/2014, 13.61, 13.97, 13.58, 13.92
08/28/2014, 14.18, 14.33, 14.12, 14.13
08/29/2014, 13.91, 14.39, 13.91, 14.27
09/02/2014, 14.25, 14.70, 14.23, 14.46
09/03/2014, 14.09, 14.57, 14.09, 14.39
09/04/2014, 14.33, 14.80, 13.89, 14.54
09/05/2014, 14.40, 14.89, 14.04, 14.08
09/08/2014, 14.36, 14.61, 14.29, 14.39
09/09/2014, 14.44, 15.02, 14.42, 14.84
09/10/2014, 14.89, 15.17, 14.63, 14.63
09/11/2014, 14.98, 15.08, 14.59, 14.68
09/12/2014, 14.67, 15.37, 14.67, 15.04
09/15/2014, 15.07, 15.59, 15.07, 15.58
09/16/2014, 15.81, 15.81, 14.85, 14.85
09/17/2014, 14.87, 14.87, 14.10, 14.62
09/18/2014, 14.37, 14.47, 14.23, 14.23
09/19/2014, 13.96, 14.60, 13.89, 14.38
09/22/2014, 14.74, 15.41, 14.74, 15.26
09/23/2014, 15.73, 16.07, 15.25, 16.07
09/24/2014, 15.74, 15.99, 15.18, 15.22
09/25/2014, 15.41, 16.91, 15.40, 16.59
09/26/2014, 16.49, 16.57, 15.70, 16.02
09/29/2014, 17.25, 17.27, 16.40, 16.82
09/30/2014, 16.66, 17.15, 16.43, 17.08
10/01/2014, 17.18, 18.14, 17.14, 17.62
10/02/2014, 17.57, 18.36, 17.01, 17.24
10/03/2014, 16.76, 16.87, 16.04, 16.04
10/06/2014, 15.73, 16.71, 15.73, 16.55
10/07/2014, 17.02, 17.92, 16.89, 17.68
10/08/2014, 17.72, 18.09, 16.28, 16.28
10/09/2014, 16.68, 18.46, 16.46, 18.09
10/10/2014, 18.30, 20.06, 17.88, 19.93
10/13/2014, 19.84, 22.18, 19.43, 22.12
10/14/2014, 21.59, 22.72, 20.32, 21.37
10/15/2014, 23.90, 26.57, 22.36, 23.82
10/16/2014, 25.31, 25.31, 21.36, 22.85
10/17/2014, 20.90, 21.69, 20.20, 21.25
10/20/2014, 21.46, 21.51, 19.41, 19.67
10/21/2014, 19.03, 19.06, 17.87, 17.87
10/22/2014, 17.80, 19.51, 17.65, 19.06
10/23/2014, 17.94, 18.48, 17.67, 18.22
10/24/2014, 18.18, 18.86, 17.83, 17.92
10/27/2014, 18.51, 18.83, 17.85, 17.86
10/28/2014, 17.60, 17.61, 16.44, 16.46
10/29/2014, 16.55, 17.65, 16.10, 16.89
10/30/2014, 17.05, 17.23, 16.35, 16.74
10/31/2014, 16.13, 16.70, 16.05, 16.51
11/03/2014, 16.56, 16.84, 16.25, 16.81
11/04/2014, 16.98, 17.38, 16.74, 16.93
11/05/2014, 16.65, 17.03, 16.48, 16.57
11/06/2014, 16.56, 17.00, 16.05, 16.26
11/07/2014, 16.03, 16.32, 15.57, 15.83
11/10/2014, 15.78, 15.78, 15.04, 15.04
11/11/2014, 15.23, 15.50, 14.79, 15.36
11/12/2014, 15.73, 15.98, 15.32, 15.74
11/13/2014, 15.74, 16.22, 15.42, 15.89
11/14/2014, 15.82, 16.21, 15.69, 15.96
11/17/2014, 16.11, 16.12, 15.74, 15.93
11/18/2014, 15.78, 15.79, 15.29, 15.70
11/19/2014, 15.90, 16.30, 15.87, 15.97
11/20/2014, 16.31, 16.32, 15.84, 16.01
11/21/2014, 15.34, 16.17, 15.34, 15.79
11/24/2014, 15.73, 15.78, 15.37, 15.55
11/25/2014, 15.56, 15.92, 15.30, 15.41
11/26/2014, 15.46, 15.50, 15.17, 15.32
11/28/2014, 15.65, 15.98, 15.49, 15.93
12/01/2014, 16.44, 16.82, 16.40, 16.74
12/02/2014, 16.65, 16.65, 15.75, 15.96
12/03/2014, 15.86, 15.89, 15.46, 15.55
12/04/2014, 15.77, 16.15, 15.33, 15.64
12/05/2014, 15.41, 16.18, 15.12, 15.55
12/08/2014, 15.87, 17.46, 15.64, 16.78
12/09/2014, 17.79, 18.34, 16.71, 16.89
12/10/2014, 17.30, 19.95, 17.22, 19.14
12/11/2014, 18.70, 20.72, 17.81, 20.72
